{
  "mean_per_sample": {
    "v1.5/dinov3_vitb16/stride4/tilingoff/img1024/refineslic_skimage": 213.53153038024902,
    "v1.5/dinov3_vitb16/stride4/tilingoff/img1024/refinenone": 39.86653542518616,
    "v1.5/dinov3_vitb16/stride4/tilingoff/img1024/refineslic": 63.50934720039368,
    "v1.5/dinov3_vitb16/stride4/tilingoff/img1024/refinebilateral": 39.63467264175415,
    "v1.5/dinov3_vitb16/stride4/tilingon/img1024/refinenone": 248.3871796131134,
    "v1.5/dinov3_vitb16/stride4/tilingon/img1024/refineslic": 198.22490453720093,
    "v1.5/dinov3_vitb16/stride4/tilingon/img1024/refineslic_skimage": 370.99083971977234,
    "v1.5/dinov3_vitb16/stride4/tilingon/img1024/refinebilateral": 137.1894326210022,
    "kmeans/dinov3_vitb16/stride4/tilingoff/img1024/refineslic": 27.744566679000854
  },
  "run_totals": {
    "fortress_processed/v1.5/dinov3_vitb16/stride4/tilingoff/img1024/refineslic_skimage/samples1": 213.53153038024902,
    "fortress_processed/v1.5/dinov3_vitb16/stride4/tilingoff/img1024/refinenone/samples1": 39.86653542518616,
    "fortress_processed/v1.5/dinov3_vitb16/stride4/tilingoff/img1024/refineslic/samples1": 63.50934720039368,
    "fortress_processed/v1.5/dinov3_vitb16/stride4/tilingoff/img1024/refinebilateral/samples1": 39.63467264175415,
    "fortress_processed/v1.5/dinov3_vitb16/stride4/tilingon/img1024/refinenone/samples1": 248.3871796131134,
    "fortress_processed/v1.5/dinov3_vitb16/stride4/tilingon/img1024/refineslic/samples1": 198.22490453720093,
    "fortress_processed/v1.5/dinov3_vitb16/stride4/tilingon/img1024/refineslic_skimage/samples1": 370.99083971977234,
    "fortress_processed/v1.5/dinov3_vitb16/stride4/tilingon/img1024/refinebilateral/samples1": 137.1894326210022,
    "fortress_processed/v1.5/dinov3_vitb16/stride4/tilingon/img1024/refineslic/samples3": 642.9043278694153,
    "fortress_processed/kmeans/dinov3_vitb16/stride4/tilingoff/img1024/refineslic/samples1": 27.744566679000854
  },
  "hardware_tier": {
    "kmeans/dinov3_vitb16/stride4/tilingoff/img1024/refineslic": "mid"
  }
}