{
  "mean_per_sample": {
    "v1.5/dinov3_vitb16/stride4/tilingoff/img1024/refineslic_skimage": 213.53153038024902,
    "v1.5/dinov3_vitb16/stride4/tilingoff/img1024/refinenone": 39.86653542518616,
    "v1.5/dinov3_vitb16/stride4/tilingoff/img1024/refineslic": 63.50934720039368,
    "v1.5/dinov3_vitb16/stride4/tilingoff/img1024/refinebilateral": 39.63467264175415,
    "v1.5/dinov3_vitb16/stride4/tilingon/img1024/refinenone": 189.5104103088379,
    "v1.5/dinov3_vitb16/stride4/tilingon/img1024/refineslic": 212.94621753692627,
    "v1.5/dinov3_vitb16/stride4/tilingon/img1024/refineslic_skimage": 370.99083971977234,
    "v1.5/dinov3_vitb16/stride4/tilingon/img1024/refinebilateral": 186.99298524856567
  },
  "run_totals": {
    "fortress_processed/v1.5/dinov3_vitb16/stride4/tilingoff/img1024/refineslic_skimage/samples1": 213.53153038024902,
    "fortress_processed/v1.5/dinov3_vitb16/stride4/tilingoff/img1024/refinenone/samples1": 39.86653542518616,
    "fortress_processed/v1.5/dinov3_vitb16/stride4/tilingoff/img1024/refineslic/samples1": 63.50934720039368,
    "fortress_processed/v1.5/dinov3_vitb16/stride4/tilingoff/img1024/refinebilateral/samples1": 39.63467264175415,
    "fortress_processed/v1.5/dinov3_vitb16/stride4/tilingon/img1024/refinenone/samples1": 189.5104103088379,
    "fortress_processed/v1.5/dinov3_vitb16/stride4/tilingon/img1024/refineslic/samples1": 212.94621753692627,
    "fortress_processed/v1.5/dinov3_vitb16/stride4/tilingon/img1024/refineslic_skimage/samples1": 370.99083971977234,
    "fortress_processed/v1.5/dinov3_vitb16/stride4/tilingon/img1024/refinebilateral/samples1": 186.99298524856567
  }
}